title,average rating
Garena Free Fire - The Cobra,4.33
PUBG MOBILE: Graffiti Prank,4.24
Mobile Legends: Bang Bang,4.08
Brawl Stars,4.27
Sniper 3D: Fun Free Online FPS Shooting Game,4.33
Shadow Fight 2,4.57
Call of Duty¬Æ: Mobile - Day of Reckoning,4.47
Among Us,3.65
Temple Run 2,4.21
PUBG MOBILE LITE,4.16
slither.io,4.07
Gangstar Vegas: World of Crime,4.3
Pixel Gun 3D: FPS Shooter & Battle Royale,4.15
Bowmasters,4.55
Standoff 2,4.54
Crossy Road,4.54
Banana Kong,4.57
Garena Li√™n Qu√¢n Mobile,4.11
Helix Jump,4.07
War Robots. 6v6 Tactical Multiplayer Battles,4
MORTAL KOMBAT: The Ultimate Fighting Game!,4.21
Agar.io,3.93
Last Day on Earth: Survival,4.38
DEER HUNTER CLASSIC,4.39
Modern Combat 5: eSports FPS,4.22
Kick the Buddy,4.1
DEAD TRIGGER 2 - Zombie Game FPS shooter,4.49
Marvel Contest of Champions,4.2
Mini Militia - Doodle Army 2,4.14
Garena RoV: Songkran,4.37
CATS: Crash Arena Turbo Stars,4.36
Call of Duty¬Æ: Mobile - Garena,4.23
Injustice: Gods Among Us,4.38
Swamp Attack,4.47
GUNSHIP BATTLE: Helicopter 3D,4.16
Real Steel World Robot Boxing,4.5
World War Heroes: WW2 FPS,4.49
Critical Ops: Online Multiplayer FPS Shooting Game,4.23
A LINE Rangers/Crayon Shinchan tower defense RPG!,4.35
Six-Guns: Gang Showdown,4.11
Cover Fire: Offline Shooting Games,4.53
DEAD TARGET: Zombie Offline - Shooting Games,4.42
FRONTLINE COMMANDO: D-DAY,3.9
Worms Zone .io - Voracious Snake,4.3
Mario Kart Tour,4.12
Gods of Boom - Online PvP Action,4.01
RULES OF SURVIVAL,3.92
Hunter Assassin,4.2
Zombie Catchers - love the hunt!,4.44
Into the Dead,4.53
Respawnables ‚Äì Online PVP Battles,4.21
Modern Strike Online: Free PvP FPS shooting game,4.38
Block Strike,4.11
Blitz Brigade - Online FPS fun,3.93
Super Mario Run,3.73
Archero,4.38
N.O.V.A. Legacy,4.06
Tomb of the Mask,4.38
DINO HUNTER: DEADLY SHORES,4.43
DEAD TRIGGER - Offline Zombie Shooter,4.5
Johnny Trigger - Action Shooting Game,4.45
PPSSPP - PSP emulator,4.36
Robbery Bob,4.38
Hide Online - Hunters vs Props,4.48
Soul Knight,4.52
Creative Destruction,4.22
aquapark.io,4.08
Bomber Friends,4.3
Anger of stick 5 : zombie,4.34
Modern Sniper,4.11
DRAGON BALL LEGENDS,4.14
Nebulous.io,4.29
War Machines: Tank Battle - Army & Military Games,4.04
Garena AOV: Link Start,4.02
Sea Battle 2,4.66
DRAGON BALL Z DOKKAN BATTLE,4.43
FRAG Pro Shooter,4.37
Angry Gran Run - Running Game,4.41
PUBG MOBILE,4.35
Deer Hunter 2018,4.01
Rope Hero: Vice Town,4.2
Sniper Fury: Online 3D FPS & Sniper Shooter Game,4.05
FRONTLINE COMMANDO 2,4.46
Battlelands Royale,4.03
Arena of Valor: 5v5 Arena Game,3.59
Real Gangster Crime,4.14
Legacy of Discord-FuriousWings,4.16
BombSquad,4.37
Talking Tom Hero Dash - Run Game,4.29
PUBG MOBILE VN ‚Äì GRAFFITI PRANK,4.16
Crisis Action: 5th Anniversary,3.93
Hitman Sniper,4.41
Miraculous Ladybug & Cat Noir,4.32
Beat the Boss 3,4.51
Flippy Knife,4.19
BLOOD & GLORY,3.83
Bus Rush,4.29
Injustice 2,4.2
Zooba: Free-for-all Zoo Combat Battle Royale Games,4.01
NARUTO X BORUTO NINJA VOLTAGE,4.11
Roblox,4.47
Pok√©mon GO,4.1
Criminal Case,4.5
Ïø†ÌÇ§Îü∞ for Kakao,4.27
Harry Potter: Hogwarts Mystery,4.51
Kiloblocks Lite,3.86
PK XD - Explore and Play with your Friends!,4.29
Mini World: Block Art,4.29
BADLAND,4.51
Ice Age Adventures,4.21
Genshin Impact,4.51
Clumsy Ninja,4.31
The Walking Dead: Season One,4.46
Benji Bananas,4.41
KIM KARDASHIAN: HOLLYWOOD,4.3
Hidden City: Hidden Object Adventure,4.36
Family Guy The Quest for Stuff,3.92
Growtopia,3.55
The Secret Society - Hidden Objects Mystery,4.36
Murder in the Alps,4.21
June's Journey - Hidden Objects,4.42
Tiny Miner,4.6
Rayman Adventures,4.45
Swordigo,4.6
The Walking Dead: Season Two,4.46
Eyes: Scary Thriller - Creepy Horror Game,4.4
WorldCraft: 3D Build & Block Craft,3.58
ARK: Survival Evolved,4
Sonic Forces ‚Äì Multiplayer Racing & Battle Game,4.42
Beggar Life - Clicker adventure,4.22
RealmCraft with Skins Export to Minecraft,4.11
Animation Throwdown: The Collectible Card Game,4.44
"Knives Out-No rules, just fight!",3.39
Jurassic World Alive,4.35
House Designer : Fix & Flip,4.12
Seekers Notes: Hidden Mystery,4.27
Crab War : Idle Swarm Evolution,4.54
Cyber Hunter,4.02
Mystery Manor: hidden objects,4.58
Diggy's Adventure: Mine Maze Levels & Pipe Puzzles,4.38
Ninja Arashi,4.5
LONEWOLF (17+) - a Sniper Story,4.52
Monster Warlord,4.16
Ingress Prime,3.36
Super Bob's World : Free Run Game,4.27
Hidden Hotel: Miami Mystery,4.25
Survivors: The Quest,4.23
Hard Time (Prison Sim),3.97
Draw a Stickman: EPIC 2,3.96
Adventure Escape: Asylum,4.53
Transformers: RobotsInDisguise,4.27
Westland Survival - Be a survivor in the Wild West,4.42
Ghost Town Adventures: Mystery Riddles Game,4.17
Terraria,4.65
Piggy Boom-Be the coin master,4.53
KENDALL & KYLIE,4.43
Shipwrecked:Castaway Island,4.63
Harry Potter: Wizards Unite,3.63
Masha and the Bear Child Games,4.2
Pearl's Peril - Hidden Object Game,4.45
Manor Matters,4.51
Mirrors of Albion,4.29
Hollywood Story: Fashion Star,4.33
Diamond Quest: Don't Rush!,4.46
Hello Neighbor,4.02
Super Bino Go - New Adventure Game,4.1
Ninja warrior: legend of adventure games,4.36
Devil Ninja 2,4.43
Stormfall: Saga of Survival,4.2
ÌöåÏÉâÎèÑÏãú for Kakao,4.42
Crafting and Building,4.3
LEGO¬Æ Star Wars‚Ñ¢: TFA,3.91
Tinker Island - Survival Story Adventure,4.21
ÔªøDragon Land,4.34
The Island Castaway: Lost World¬Æ,4.3
Criminal Case: Pacific Bay,4.5
The Wolf Among Us,4.46
Dead Ninja Mortal Shadow,4.51
Egg Wars,4.17
BlockStarPlanet,3.97
Draw a Stickman: EPIC Free,3.95
Benji Bananas Adventures,4.41
"Hotel Transylvania Adventures - Run, Jump, Build!",4.33
Street Chaser,4.12
Survival Island: EVO 2,3.82
Seven - Deadly Revelation - Horror Chat Adventure,4.47
FPS Commando Secret Mission - Free Shooting Games,4.08
Zoo 2: Animal Park,4.3
3D Maze / Labyrinth,3.55
CASE: Animatronics - Horror game,4.5
Super City (Superhero Sim),4.3
Spider Rope Hero - Gangster New York City,4.32
Adventure Time: Heroes of Ooo,4.2
Friendzoned,4.7
Nobodies: Murder Cleaner,4.5
Stranger Things: The Game,4.59
Homicide Squad: New York Cases,4.46
Futurama: Worlds of Tomorrow,4.1
Jurassic Survival Island: Dinosaurs & Craft,4.04
Critical Action :Gun Strike Ops - Shooting Game,4.01
Subway Surfers,4.44
Hungry Shark Evolution - Offline survival game,4.37
Geometry Dash Lite,4.27
Zombie Tsunami,4.36
Angry Birds Classic,4.46
Fruit Ninja¬Æ,4.29
Sonic Dash - Endless Running & Racing Game,4.57
Jetpack Joyride,4.47
Temple Run,4.08
Smash Hit,4.46
Cooking Fever,4.32
Minecraft,4.54
Vector,4.3
Granny,4.28
DragonFlight,4.24
Red Ball 4,4.43
Block Craft 3D: Building Simulator Games For Free,4.2
Minecraft Trial,4.03
Cooking Madness - A Chef's Restaurant Games,4.6
Galaxy Attack: Alien Shooter,4.47
Blockman Go,4.45
Paper.io 2,3.94
Angry Birds Transformers,4.56
Hungry Shark World,4.45
Glow Hockey,4.16
Geometry Dash Meltdown,4.46
Angry Birds Seasons,4.46
ÏúàÎìúÎü¨ÎÑà,3.95
Crowd City,4.19
Brothers in Arms¬Æ 3,4.3
Tank Stars,4.08
Rise Up,3.78
Join Clash 3D,4.07
Payback 2 - The Battle Sandbox,4.4
Angry Birds Space,4.43
Skater Boy,4.4
Ant Smasher,4.07
Partymasters - Fun Idle Game,4
Tap Tap Dash,4.25
101-in-1 Games,4.5
Doodle Jump,4.43
Hole.io,4.04
Zombie Roadkill 3D,4.25
Lep's World 2 üçÄüçÄ,4.33
Rider,3.96
Lep's World üçÄ,4.4
Angry Birds Friends,4.19
Dan the Man: Action Platformer,4.62
Rail Rush,4.42
Geometry Dash World,4.36
Lep's World 3 üçÄüçÄüçÄ,4.39
Knife Hit,4.29
Zombie Smasher,4.41
Cookie Run: OvenBreak - Endless Running Platformer,4.4
PAC-MAN,3.95
Stack Ball - Blast through platforms,4.14
Stickman Party: 1 2 3 4 Player Games Free,4.41
Subway Princess Runner,4.13
Multiplayer for Minecraft PE - MCPE Servers,3.95
Vector 2,4.21
1945 airforce - Free arcade shooting games,4.53
Geometry Dash,4.62
Jewels Switch,4.65
Granny: Chapter Two,4.34
Stick Hero,4.26
Zombie High School,3.99
Stupid Zombies,4.19
Sky Whale,4.36
LokiCraft,4.11
Draw it,3.93
Fernanfloo,4.64
Sky Roller,4.28
Geometry Dash SubZero,4.49
Space shooter - Galaxy attack - Galaxy shooter,4.63
Cartoon Wars,4.03
Run,4.54
Snake VS Block,4.01
Zombie World War,4.21
My Boy! Free - GBA Emulator,4.4
Daddy Long Legs,4.28
Burrito Bison: Launcha Libre,4.69
Bricks Ball Crusher,4.4
Stickman Hook,3.97
Falcon Squad: Galaxy Attack - Free shooting games,4.54
Jewels Legend - Match 3 Puzzle,4.63
Evil Nun : Scary Horror Game Adventure,4.38
BBTAN by 111%,4.33
Prize Claw,4.04
Monster Dash,4.4
Polysphere - art of puzzle,3.84
Ball Blast,4.25
Will Hero,4.2
Duet,4.62
Tigerball,4.29
Infinite Stairs,4.13
Sky Force 2014,4.5
Human Evolution Clicker: Tap and Evolve Life Forms,4.02
Slendrina:The Cellar (Free),4.15
Run Sausage Run!,3.92
Tank Hero,4.34
Ludo King‚Ñ¢,4.28
Happy Color‚Ñ¢ ‚Äì Color by Number. Coloring games.,4.6
101 Y√ºzbir Okey Plus,4.15
Parchisi STAR Online,4.32
Î™®ÎëêÏùòÎßàÎ∏î,3.16
Chess Free,4.48
Chess,4.36
Okey Plus,4.36
Paint By Number - Coloring Book & Color by Number,4.51
Ludo Club - Fun Dice Game,4.31
Higgs Domino Island-Gaple QiuQiu Poker Game Online,4.05
Dominoes,4.61
Checkers,4.43
Bingo Blitz‚Ñ¢Ô∏è - Bingo Games,4.56
Ludo STAR,4.52
Bingo Bash featuring MONOPOLY: Live Bingo Games,4.5
Bingo Showdown Free Bingo Games ‚Äì Bingo Live Game,4.62
Mahjong Titan,4.59
√áanak Okey Plus,4.3
Ludo Star 2,4.27
Okey,4.55
Checkers,4.23
Chess - Play and Learn,4.54
1LINE ‚Äì One Line with One Touch,4.36
BINGO!,4.63
Backgammon Plus,3.57
LANDLORD TYCOON Business Simulator Investing Game,4.45
Real Chess,4.19
Slots: VIP Deluxe Slot Machines Free - Vegas Slots,4.79
Mahjong Epic,4.62
Tic Tac Toe,4.26
Backgammon Free,4.35
Dominos Online Jogatina: Dominoes Game Free,4.3
Mahjong City Tours: Free Mahjong Classic Game,4.61
Bingo Party - Free Classic Bingo Games Online,4.62
Rento - Dice Board Game Online,4.01
Snakes & Ladders King,3.95
Game of Dice,4.27
Pinball Pro,4.37
Checkers Online Elite,4.21
Woody Block Puzzle ¬Æ,4.43
Good Knight Story,4.65
Bingo Pop: Free Live Multiplayer Bingo Board Games,4.54
Backgammon - Narde,4.38
Tap Color - Color by number. Coloring Game,4.51
RISK: Global Domination,4.4
Slots: Epic Jackpot Slots Games Free & Casino Game,4.81
Onnect - Pair Matching Puzzle,4.29
Domino Gaple TopFun(Domino QiuQiu):Free dan online,4.45
Ludo SuperStar,4.07
C·ªù T·ª∑ Ph√∫ - Co Ty Phu ZingPlay - Board Game,4.56
Yalla Ludo - Ludo&Domino,4.35
Mahjong Master,4.63
Chess - Clash of Kings,4.47
"Colorscapes - Color by Number, Coloring Games",4.73
Ludo Talent- Online Ludo&Chatroom,4.19
YAHTZEE¬Æ With Buddies Dice Game,4.09
Backgammon Free - Lord of the Board - Table Game,4.23
Fun 101 Okey,4.5
Tile Craft - Triple Crush: Puzzle matching game,4.48
Travelling Millionaire,3.82
Dice With Buddies‚Ñ¢ Free - The Fun Social Dice Game,4.15
√áanak Okey - Mynet,4.09
Reversi Free,4.39
Ludo Classic,4.27
Rummikub¬Æ,4.62
Checkers,4.47
Fleet Battle - Sea Battle,4.42
Chess,4.27
Tile Master - Classic Triple Match & Puzzle Game,4.57
Domino QiuQiu KiuKiu Online(koin gratis),4.64
Ludo,4.28
Tic Tac Toe Free,4.15
Einstein's Riddle Logic Puzzles,4.65
Numberzilla - Number Puzzle | Board Game,4.23
Four In A Line Free,4.38
Ludo All Star - Play Online Ludo Game & Board Game,4.3
Ïù∏ÏÉùÏó≠Ï†ÑÏú∑ÎÜÄÏù¥,3.95
Slot Casino - Slot Machines,4.19
Loco Parch√≠s - Magic Ludo & Mega dice! USA Vip Bet,4.04
Carrom 3D,3.89
Chess Online - Duel friends online!,4.39
Chess for Android,4.19
Sudoku Free,4.62
lichess ‚Ä¢ Free Online Chess,4.53
Truth or Dare ‚Äî Dirty Party Game for Adults 18+,4.05
Slots: Fast Fortune Free Casino Slots with Bonus,4.77
Loto Online,4.1
Dr. Chess,4.28
World Chess Championship,4.22
Domino! The world's largest dominoes community,4.28
Chess Online,4.35
Backgammon Live: Play Online Backgammon Free Games,4.38
Praia Bingo - Bingo Games + Slot + Casino,4.23
Super Bingo HD‚Ñ¢: Best Free Bingo Games,4.45
Tile Connect - Free Tile Puzzle & Match Brain Game,4.56
Okey Extra,4.66
Dr. Gomoku,3.94
Ludo Neo-Classic : King of the Dice Game 2020,4.1
Color by Number: Free Coloring Games - Paint Book,4.22
Yu-Gi-Oh! Duel Links,4.36
Hearthstone,3.67
Solitaire,4.51
Solitaire,4.51
Solitaire,4.51
World Series of Poker WSOP Free Texas Holdem Poker,4.32
Live Hold‚Äôem Pro Poker - Free Casino Games,4.21
Pyramid Solitaire Saga,4.57
UNO!‚Ñ¢,4.16
Solitaire Grand Harvest - Free Tripeaks Solitaire,4.53
Solitaire,4.23
Solitaire,4.23
Solitaire,4.23
Solitaire TriPeaks: Play Free Solitaire Card Games,4.45
Fairway Solitaire Blast,4.7
Gin Rummy Plus,4.49
Spider Solitaire,4.58
Solitaire,4.65
Solitaire,4.65
Solitaire,4.65
Truco Blyts,4.47
Poker Games: World Poker Club,4.51
Deck Heroes: Legacy,4.32
Legends of Runeterra,4.6
Durak Online,3.89
Solitaire!,4.54
Solitaire,4.57
Solitaire,4.57
Poker Heat‚Ñ¢ - Free Texas Holdem Poker Games,4.45
Solitaire,4.44
Solitaire,4.44
Dummy & Toon Poker Texas slot Online Card Game,4.37
PokerStars: Free Poker Games with Texas Holdem,4.08
ÌîºÎßù Îâ¥ÎßûÍ≥† : Í≥†Ïä§ÌÜ±ÏúºÎ°ú ÎåÄÌïúÎØºÍµ≠ 1Îì±,3.84
Spider Solitaire,4.69
Order & Chaos Duels,4.35
Conquian Zingplay: el mejor juego de cartas gratis,4.73
GWENT: The Witcher Card Game,4.64
Spades Plus - Card Game,4.47
Governor of Poker 2 - OFFLINE POKER GAME,4.13
Callbreak Multiplayer,4.04
Buraco Canasta Jogatina: Card Games For Free,4.27
Governor of Poker 3 - Free Texas Holdem Card Games,4.29
"Jawaker Trix, Tarneeb, Baloot, Hand & More",4.6
Gaple-Domino QiuQiu Poker Capsa Ceme Game Online,4.6
Texas Hold'em & Omaha Poker: Pokerist,4.06
Indian Rummy - Play Rummy Game Online,4.12
RummyCircle - Play Indian Rummy Online | Card Game,4.14
FreeCell Solitaire,4.59
Spades Free,4.46
Absolute Bingo- Free Bingo Games Offline or Online,4.61
TopFun Domino QiuQiu:Domino99 (KiuKiu),4.06
Durak,4.35
Spades Royale - Best Online Spades Card Games App,4.62
Solitaire TriPeaks Journey - Free Card Game,4.59
Scopa - Free Italian Card Game Online,3.92
Solitaire Arena,4.48
Mango Capsa Susun,3.63
Microsoft Solitaire Collection,4.5
Solitaire,4.63
Solitaire,4.63
Solitaire,4.63
Soccer Spirits,4.16
Solitaire,4.63
Solitaire,4.63
Solitaire,4.63
Polskie Z≈Çote Zdrapki,4.56
Belote.com - Free Belote Game,4.44
Truco ZingPlay: Jogo de cartas online gr√°tis,4.33
Solitaire,4.68
Solitaire,4.68
Solitaire,4.68
Fairway Solitaire - Card Game,4.57
Dummy Hero,4.39
‡πÑ‡∏û‡πà‡πÅ‡∏Ñ‡∏á - ‡∏°‡∏µ‡∏î‡∏±‡∏°‡∏°‡∏µ‡πà ‡∏õ‡πä‡∏≠‡∏Å‡πÄ‡∏î‡πâ‡∏á ‡πÑ‡∏Æ‡πÇ‡∏• ‡πÄ‡∏Å‡πâ‡∏≤‡πÄ‡∏Å,4.61
Solitaire Collection,4.72
Solitaire Free Game,4.81
Reigns,4.58
The Elder Scrolls: Legends,3.98
Solitaire Classic,4.64
Spider Solitaire,4.57
Spider Solitaire,4.57
Solitaire,4.62
‰∏âÂúãÊÆ∫ÂêçÂ∞áÂÇ≥,4.27
Rummy 45 - Remi Etalat,4.71
Classic Solitaire,4.62
Eredan Arena PVP,4.44
Îâ¥ ÌïúÌåê ÎßûÍ≥† (Îç∞Ïù¥ÌÑ∞ ÌïÑÏöîÏóÜÎäî Î¨¥Î£å Í≥†Ïä§ÌÜ±),4.23
Descarte,4.28
Spider Solitaire,4.6
Spider Solitaire,4.6
Pok√©mon TCG Online,4.31
Texas Holdem Poker Pro,4.13
Ïï†ÎãàÌå° ÎßûÍ≥†,3.74
Phase 10: World Tour,4.21
Â§ßÂØåË±™BEST,4.3
ÌîºÎßù ÏÑØÎã§,4.23
BlackJack 21 - Online Blackjack multiplayer casino,4.39
Belote Multiplayer,4.32
Batak HD - ƒ∞nternetsiz Batak,4.09
LG Smart Truco,4.19
ÌïúÍ≤åÏûÑ Ïã†ÎßûÍ≥† : ÎåÄÌïúÎØºÍµ≠ ÏõêÏ°∞ Í≥†Ïä§ÌÜ±,3.95
Solitaire TriPeaks Adventure - Free Card Game,4.78
Spider Solitaire,4.61
Gin Rummy Free,4.43
Mega Hit Poker: Texas Holdem,4.44
Solitaire: Super Challenges,4.5
Solitaire - Make Free Money & Play the Card Game,4.32
Solitaire,4.18
Solitaire,4.18
Solitaire,4.18
Solitaire,4.7
Solitaire,4.7
Solitaire,4.7
Cribbage Classic,4.58
Solitaire Tripeaks: Farm Adventure,4.55
Tien Len - Southern Poker,4.38
Otogi: Spirit Agents,4.32
Epic Cards Battle(TCG),4.35
Solitaire,4.75
Solitaire,4.75
Solitaire,4.75
Zynga Poker ‚Äì Free Texas Holdem Online Card Games,4.29
Slotomania‚Ñ¢ Free Slots: Casino Slot Machine Games,4.38
Teen Patti Gold ‚Äì Indian Family Card Game,4.47
Teen Patti by Octro - Indian Poker Card Game,4.25
Coin Dozer: Sweepstakes,4.44
House of Fun: Free Casino Slots & Casino Games,4.53
Scatter Slots - Las Vegas Casino Game 777 Online,4.59
Lucky Day - Win Real Rewards,3.89
Jackpot Party Casino Games: Spin FREE Casino Slots,4.52
Cash Frenzy‚Ñ¢ Casino ‚Äì Free Slots Games,4.63
myVEGAS Slots: Las Vegas Casino Games & Slots,4.49
Huuuge Casino Slots - Best Slot Machines,4.3
DoubleU Casino - Free Slots,4.37
Jackpot Slot Machines - Slots Era‚Ñ¢ Vegas Casino,4.56
Caesars Casino: Casino & Slots For Free,4.26
DH Texas Poker - Texas Hold'em,4.19
Gold Fish Casino Slots - FREE Slot Machine Games,4.63
BLACKJACK!,4.55
Hit it Rich! Lucky Vegas Casino Slot Machine Game,4.36
Wizard of Oz Free Slots Casino,4.59
Dummy ‡∏î‡∏±‡∏°‡∏°‡∏µ‡πà ‡πÑ‡∏û‡πà‡πÅ‡∏Ñ‡∏á ‡πÄ‡∏Å‡∏°‡πÑ‡∏û‡πà‡∏ü‡∏£‡∏µ,4.54
Full House Casino - Free Vegas Slots Machine Games,4.56
Slots (Golden HoYeah) - Casino Slots,4.31
Luxy Poker-Online Texas Holdem,4.3
Vegas Slots - DoubleDown Casino,4.3
Big Fish Casino - Play Slots and Casino Games,4.52
Texas HoldEm Poker Deluxe,4.38
‡πÄ‡∏Å‡πâ‡∏≤‡πÄ‡∏Å‡πÑ‡∏ó‡∏¢,4.45
Big Time Cash. Make Money Free,4.28
Cashman Casino: Casino Slots Machines! 2M Free!,4.42
Slots: Heart of Vegas‚Ñ¢ ‚Äì Free Casino Slots Games,4.27
Casino Jackpot Slots - Infinity Slots‚Ñ¢ 777 Game,4.6
my KONAMI Slots - Casino Games & Fun Slot Machines,4.39
Tycoon Casino Free Slots: Vegas Slot Machine Games,4.74
POP! Slots ‚Ñ¢- Free Vegas Casino Slot Machine Games,4.28
GSN Casino: New Slots and Casino Games,4.25
Slots Pharaoh's Way Casino Games & Slot Machine,4.61
Ti·∫øn l√™n Mi·ªÅn Nam - Ti·∫øn L√™n - tien len - ZingPlay,4.45
È∫ªÂ∞á ÊòéÊòü3Áº∫1È∫ªÂ∞á‚ÄìÂè∞ÁÅ£16ÂºµÈ∫ªÂ∞áMahjong „ÄÅSLOT„ÄÅPoker,4.27
Lotsa Slots - Free Vegas Casino Slot Machines,4.58
Club Vegas 2021: New Slots Games & Casino bonuses,4.73
Billionaire Casino Slots - The Best Slot Machines,4.37
Quick Hit Casino Games - Free Casino Slots Games,4.44
NEW SLOTS 2021Ôºçfree casino games & slot machines,4.66
Jackpot World‚Ñ¢ - Free Vegas Casino Slots,4.53
Á•û‰æÜ‰πüÈ∫ªÂ∞áÔºçÈ∫ªÂ∞á„ÄÅÈ∫ªÈõÄ,4.34
"GAMEE Prizes - Play Free Games, WIN REAL CASH!",4.31
Tongits Go - The Best Card Game Online,4.59
‡πÑ‡∏û‡πà‡πÄ‡∏ó‡πá‡∏Å‡∏ã‡∏±‡∏™‡πÇ‡∏ö‡∏¢‡πà‡∏≤-Boyaa Texas Poker ‡πÇ‡∏õ‡πä‡∏Å‡πÄ‡∏Å‡∏≠‡∏£‡πå‡∏°‡∏∑‡∏≠‡πÇ‡∏õ‡∏£,4.49
Gaminator Casino Slots - Play Slot Machines 777,4.49
GameTwist Casino Slots: Play Vegas Slot Machines,4.32
Double Win Casino Slots - Free Video Slots Games,4.67
UTP - Ultimate Teen Patti (3 Patti),4.2
Free Slot Machines with Bonus Games!,4.82
Hot Shot Casino Free Slots Games: Real Vegas Slots,4.45
Slot Machines - Free Vegas Slots Casino,4.63
Bingo Tycoon,4.17
Coin Dozer: Casino,4.56
Willy Wonka Slots Free Casino,4.56
MONOPOLY Slots Free Slot Machines & Casino Games,4.42
88 Fortunes Casino Games & Free Slot Machine Games,4.7
Slots Free - Big Win Casino‚Ñ¢,4.44
Pmang Poker : Casino Royal,4.1
Slots Casino - Jackpot Mania,4.66
Roulette Royale - FREE Casino,4.3
Slotpark - Online Casino Games & Free Slot Machine,4.31
Bingo by Alisa - Free Live Multiplayer Bingo Games,4.61
Poker Texas Boyaa,3.83
Let's Vegas Slots - Casino Slots,4.17
Scratch Day,4
Slot Machine - FREE Casino,4.15
C·ªïng game ZingPlay - Game b√†i - Game c·ªù - Ti·∫øn l√™n,3.95
Slots: Get Rich Free Slots Casino Games Offline,4.79
Blackjack 21,4.21
‡πÑ‡∏Æ‡πÇ‡∏•‡∏û‡∏∑‡πâ‡∏ô‡∏ö‡πâ‡∏≤‡∏ô Hilo - ‡∏£‡∏ß‡∏°‡πÄ‡∏Å‡∏°‡∏î‡∏±‡∏°‡∏°‡∏µ‡πà ‡πÑ‡∏Æ‡πÇ‡∏• ‡πÑ‡∏û‡πà‡∏™‡∏•‡∏≤‡∏ü ‡∏Ø‡∏•‡∏Ø,4.34
Rock N' Cash Casino Slots -Free Vegas Slot Games,4.53
Bingo Journey - Lucky & Fun Casino Bingo Games,4.54
Best Casino Free Slots: Casino Slot Machine Games,4.29
Jackpot Magic Slots‚Ñ¢: Social Casino & Slot Games,4.32
Slots Vacation - FREE Slots,4.42
Free Slots!,4.79
Stars Slots Casino - HUUUGE casino games,4.64
Free Slots Casino - Adventures,4.74
‡πÑ‡∏û‡πà‡πÅ‡∏Ñ‡∏á-‡∏£‡∏ß‡∏°‡∏î‡∏±‡∏°‡∏°‡∏µ‡πàdummy ‡∏õ‡πä‡∏≠‡∏Å‡πÄ‡∏î‡πâ‡∏á ‡πÄ‡∏Å‡πâ‡∏≤‡πÄ‡∏Å‡πÑ‡∏ó‡∏¢ ‡πÄ‡∏Å‡∏°‡πÑ‡∏û‡πà‡∏ü‡∏£‡∏µ,4.73
myVEGAS Blackjack 21 - Free Vegas Casino Card Game,4.63
Bingo Holiday: Free Bingo Games,4.61
Cash Storm Casino - Free Vegas Jackpot Slots Games,4.69
SLOTS - Black Diamond Casino,4.47
Winning Slots casino games:free vegas slot machine,4.44
Free Robux Loto 2020,4.18
‡πÑ‡∏û‡πà‡πÄ‡∏ó‡πá‡∏Å‡∏ã‡∏±‡∏™‡πÑ‡∏ó‡∏¢ HD,4.45
Cash Blitz Free Slots: Casino Slot Machine Games,4.81
Vegas Downtown Slots‚Ñ¢ - Slot Machines & Word Games,4.45
Jackpot Poker by PokerStars‚Ñ¢ ‚Äì FREE Poker Online,4.29
Vegas Friends - Casino Slots for Free,4.62
Bingo‚Ñ¢,4.41
Slots on Tour Casino - Vegas Slot Machine Games HD,4.69
‡∏î‡∏±‡∏°‡∏°‡∏µ‡πà‡πÑ‡∏ó‡∏¢‡πÅ‡∏•‡∏ô‡∏î‡πå-‡∏£‡∏ß‡∏°‡πÑ‡∏û‡πà‡πÅ‡∏Ñ‡∏á ‡πÄ‡∏Å‡πâ‡∏≤‡πÄ‡∏Å ‡πÑ‡∏Æ‡πÇ‡∏• ‡πÄ‡∏Å‡∏°‡πÑ‡∏û‡πà‡∏ü‡∏£‡∏µ,4.79
Spin Day - Win Real Money,3.51
Old Vegas Slots ‚Äì Classic Slots Casino Games,4.64
Candy Crush Saga,4.56
My Talking Tom,4.33
My Talking Angela,4.19
Hay Day,4.41
Pou,4.28
Minion Rush: Despicable Me Official Game,4.4
Gardenscapes,4.36
Homescapes,4.35
Farm Heroes Saga,4.61
Township,4.24
Candy Crush Soda Saga,4.54
Plants vs Zombies‚Ñ¢ 2 Free,4.39
Angry Birds 2,4.34
Coin Master,4.35
My Cafe ‚Äî Restaurant Game. Serve & Manage,4.53
The Simpsons‚Ñ¢: Tapped Out,4.13
LINE Let's Get Rich,4.03
Pet Rescue Saga,4.59
My Talking Tom 2,4.3
Gacha Life,4.45
Bubble Witch 2 Saga,4.55
FarmVille 2: Country Escape,4.33
Talking Tom Cat,4.01
My Home - Design Dreams,4.36
Best Fiends - Free Puzzle Game,4.62
PewDiePie's Tuber Simulator,4.68
Ice Age Village,4.48
Dumb Ways to Die 2: The Games,4.32
My Talking Tom Friends,4.35
Candy Crush Friends Saga,4.57
Family Farm Seaside,4.33
Pirate Kings‚Ñ¢Ô∏è,4.35
MY LITTLE PONY: Magic Princess,4.2
Bubble Shooter,4.3
My Horse,4.54
Blossom Blast Saga,4.46
Diamond Digger Saga,4.54
Farm Heroes Super Saga,4.53
My Talking Hank,4.26
Papa Pear Saga,4.49
Gacha Club,4.53
My Boo: Your Virtual Pet Game To Care and Play,4.54
Burger,4.4
Smurfs' Village,4.48
Puppy Town - Merge & Win,4.08
My Dolphin Show,4.34
Save The Girl,3.86
Green Farm 3,4.05
Rodeo Stampede: Sky Zoo Safari,4.2
Stickman Warriors,4.17
"Good Pizza, Great Pizza",4.37
Bubble Shooter,4.38
Bubbu ‚Äì My Virtual Pet,4.47
Jewels Star,4.36
Let's Create! Pottery Lite,4.23
BTS WORLD,4.72
Idle Arks: Build at Sea,4.46
Covet Fashion - Dress Up Game,4.02
World Chef üç∞üçîüçùüçì,4.43
What if..,4.71
Virtual Families 2,4.15
Angry Birds POP Bubble Shooter,4.46
The Simpsons‚Ñ¢: Tapped Out,4.4
Tic Tac Toe Glow,4.2
Wonder Zoo - Animal rescue !,4.29
Furby BOOM!,4.41
Plants vs. Zombies‚Ñ¢ 2 Free,4.39
Shopping Mall Girl - Dress Up & Style Game,4.17
Twist Hit!,4.43
Plants vs. Zombies‚Ñ¢ Heroes,4.28
Hello Kitty Nail Salon,4.17
Moy 3 üêô Virtual Pet Game,4.49
Fish Live,4.5
Cow Evolution: Crazy Cow Making Idle Merge Games,4.59
BlockBuild: Craft Your Dream World,4.03
Board Kings‚Ñ¢Ô∏è - Online Multiplayer Board Game,4.38
Paradise Island 2: Hotel Game,4.52
Moy 2 üêô Virtual Pet Game,4.33
Lost Island: Adventure Quest & Magical Tile Match,4.51
Stupid Zombies 3,4.46
Idle Sightseeing Train - Game of Train Transport,4.19
Dumb Ways to Die,4.11
Farm Town: Happy farming Day & food farm game City,4.31
Bubble Shooter,4.32
Bubble Shooter,4.32
Fruit Block - Puzzle Legend,4.32
Island Experiment,4.02
Kiss Kiss: Spin the Bottle for Chatting & Fun,4.29
Family Island‚Ñ¢ - Farm game adventure,4.21
Bubble Shooter,4.32
Bubble Shooter,4.32
Moy üêô Virtual Pet Game,4.26
Moy 4 üêô Virtual Pet Game,4.42
HappyFish,4.55
Restaurant Story‚Ñ¢,4.26
Cooking Dash,4.14
Gacha Studio (Anime Dress Up),3.89
Moy 5 - Virtual Pet Game,4.34
LINE ÊóÖÈÅäÂ§ß‰∫®,3.54
Little Big City 2,4
Mini Block Craft,4.09
Kids Doodle - Color & Draw Free Game,4.36
Toca Kitchen 2,4.18
Toca Life World: Build stories & create your world,4.34
Cooking Mama: Let's cook!,4.36
Áü•Ë≠òÁéã,4.3
Animal Jam,4.13
My Town: Home Doll house - Family Playhouse,4.24
Mandala Coloring Pages,4.19
Baby Panda's Supermarket,4.27
Masha and the Bear. Educational Games,4.08
Pepi House: Happy Family,4.02
Pepi Wonder World,4.34
"Math Games, Learn Add, Subtract, Multiply & Divide",4.41
LEGO¬Æ DUPLO¬Æ Train,4.24
Baby Panda World,4.4
Pepi Super Stores: Fun & Games,4.13
Little Panda's Restaurant,4.35
Baby Panda Care,4.16
Ë∂ÖÁ¥öÂñÆÂ≠óÁéã - Ëã±Ê™¢„ÄÅÂ§öÁõä„ÄÅÊâòÁ¶è ËºïÈ¨ÜÂ≠∏,4.91
Smolsies - My Cute Pet House,4.24
Unicorn Chef: Cooking Games for Girls,4.42
Pepi Hospital: Learn & Care,4.05
Baby Panda's Fashion Dress Up Game,4.24
Baby Panda's School Bus - Let's Drive!,4.32
My Town : Police Station. Policeman Game for Kids,4.12
Baby Panda‚Äôs Ice Cream Shop,4.3
Meow Meow Star Acres,4.5
"Truck games for kids - build a house, car wash",4.09
"Baby Games for 2,3,4 year old toddlers",4.63
Supermarket: Shopping Games for Kids,4.18
Coloring & Learn,4.14
Little Panda's Chinese Recipes,4.34
Fluvsies - A Fluff to Luv,4.35
ŸÖŸÜ ÿ≥Ÿäÿ±ÿ®ÿ≠ ÿßŸÑŸÖŸÑŸäŸàŸÜ ÿßŸÑŸÖŸàÿ≥Ÿàÿπÿ©,4.22
Little Panda Policeman,4.21
Do Not Disturb! Get Prankster in a Hilarious Game,4.18
Make-Up Me: Superstar,4.38
My Town: Play & Discover - City Builder Game,4.08
Left vs Right: Brain Games for Brain Training,4.52
Multiplication Table Kids Math,4.33
MentalUP - Learning Games & Brain Games,4.67
"Math Exercises for the brain, Math Riddles, Puzzle",4.54
Bee Network:Phone-based Digital Currency,4.57
Make-Up Me,3.96
Little Panda‚Äôs Summer: Ice Cream Bars,4.4
LEGO¬Æ DUPLO¬Æ Town,3.92
Bini Super ABC! Preschool Learning Games for Kids!,4.49
My Town : Fashion Show,4.22
Little Panda: Princess Makeup,4.19
Little Panda's Farm Story,4.39
Little Panda: Princess Dress Up,4.15
"–°–∫–∞–∑–∫–∏ –∏ —Ä–∞–∑–≤–∏–≤–∞—é—â–∏–µ –∏–≥—Ä—ã –¥–ª—è –¥–µ—Ç–µ–π, –º–∞–ª—ã—à–µ–π",4.77
Reaction training,4.74
Baby Panda's Carnival - Christmas Amusement Park,4.33
„Åª„Åó„ÅÆÂ≥∂„ÅÆ„Å´„ÇÉ„Çì„Åì,4.03
Jungle Animal Hair Salon - Styling Game for Kids,3.91
Beauty Hair Salon: Fashion SPA,3.88
Monster Trucks Game for Kids 2,3.99
Tailor Kids,4.33
Snow Cone Maker - Frozen Foods,4.31
My Town : Beauty Pageant - Dress Up Game for Girls,4.22
Memory Games: Brain Training,4.22
Moonzy. Kids Mini-Games,4.35
Urban City Stories,3.72
Little Panda's Candy Shop,4.34
Kids Animals Jigsaw Puzzles ‚ù§Ô∏èü¶Ñ,4.4
Girls Hair Salon - Hairstyle makeover kids games,3.78
Kids Educational Game 5,4.16
Bini Drawing for Kids! Learning Games for Toddlers,4.15
Trip to the zoo for kids,4.58
Ice Queen's Beauty SPA Salon,4.11
Math Games,4.11
"Bucha h·ªçc ti·∫øng Anh - T·ª´ v·ª±ng, Giao ti·∫øp, Ng·ªØ ph√°p",4.78
Cinderella - Story Games and Puzzles,4.21
Baby care,3.88
ABC Kids - Tracing & Phonics,4.31
My Town : Best Friends' House games for kids,4.18
Princess Coloring Book Glitter & Girls Dress Up,3.94
Baby Panda's Town: Life,4.31
Libii Dentist,4.18
Baby Panda‚Äôs Summer: Caf√©,4.31
Halloween Makeup Me,4.18
Baby Panda‚Äôs Color Mixing Studio,4.12
My Baby Panda Chef,4.29
Sweet Baby Girl Cleanup 5 - Messy House Makeover,4.07
Airport Professions: Fascinating games,4.29
"Colors for Kids, Toddlers, Babies - Learning Game",4.01
Masha and the Bear: Good Night!,4.12
Animals Farm For Kids,4.62
My Little Princess Castle - Playhouse & Girls Game,4.23
–ê–Ω–≥–ª–∏–π—Å–∫–∏–π –¥–ª—è –ù–∞—á–∏–Ω–∞—é—â–∏—Ö: LinDuo HD,4.82
Central Hospital Stories,3.71
Little Panda‚Äôs Space Kitchen - Kids Cooking,4.2
"Fairy Tales ~ Children‚Äôs Books, Stories and Games",4.49
Funny Food educational games for kids toddlers,4.17
"Baby Phone - Games for Family, Parents and Babies",4.33
Madagascar Surf n' Slides Free,4
My Town : Grandparents Play home Fun Life Game,4.2
Baby Panda's Town: My Dream,4.3
Sweet Baby Girl Summer Fun 2 - Sunny Makeover Game,4.13
Sweet Baby Girl Daycare,4.16
Tiles Hop: EDM Rush!,4.31
Magic Tiles 3,4.13
My Singing Monsters,4.6
Piano Free - Keyboard with Magic Tiles Music Games,4.09
Just Dance Now,3.89
Dream Piano - Music Game,4.43
Rock Hero,4.22
Dancing Road: Color Ball Run!,4.08
"Real Guitar Free - Chords, Tabs & Simulator Games",3.76
Cytus,4.58
DEEMO,4.65
SongPop,4.36
Piano Kids - Music & Songs,4.37
Piano Music Go 2020: EDM Piano Games,4.37
Music Hero - Rhythm Beat Tap,4.1
Real Piano Teacher,4.5
Beat Blade: Dash Dance,4.19
Beat Fire - EDM Music & Gun Sounds,4.42
Sonic Cat - Slash the Beats,4.67
Drum Set Music Games & Drums Kit Simulator,3.66
BEAT MP3 - Rhythm Game,3.98
Dancing Ballz: Magic Dance Line Tiles Game,4.21
Guitar Band Battle,4.14
AVATAR MUSIK - Music and Dance Game,3.95
Music Racer,4.12
BEAT MP3 2.0 - Rhythm Game,4.1
SuperStar SMTOWN,4.21
Dot n Beat - Magic Music Game,4.4
Piano Games - Free Music Piano Challenge 2020,3.71
Hop Ball 3D: Dancing Ball on the Music Tiles,4.03
Beat Craft,4.41
"Give It Up! - Jump to the Beat, Follow the Music!",4.27
One More Line,4.01
Tap Tap Music-Pop Songs,4.2
SongPop 2 - Guess The Song,3.83
My Singing Monsters: Dawn of Fire,4.56
Smash Colors 3D - Free Beat Color Rhythm Ball Game,4.45
„Éê„É≥„Éâ„É™ÔºÅ „Ç¨„Éº„É´„Ç∫„Éê„É≥„Éâ„Éë„Éº„ÉÜ„Ç£ÔºÅ,4.37
Real Piano,3.97
Dot n Beat - Test your hand speed,3.96
Piano Magic Tiles Hot song - Free Piano Game,4.44
Rhythm Hive,4.73
Helix Crush,4.13
Piano Solo - Magic Dream tiles game 4,3.68
Magic Twist: Twister Music Ball Game,4.21
Cytus II,4.59
Just Dance Controller,3.69
VOEZ,4.21
„É©„Éñ„É©„Ç§„ÉñÔºÅ„Çπ„ÇØ„Éº„É´„Ç¢„Ç§„Éâ„É´„Éï„Çß„Çπ„ÉÜ„Ç£„Éê„É´Ôºà„Çπ„ÇØ„Éï„Çß„ÇπÔºâ - Â§ß‰∫∫Ê∞ó„É™„Ç∫„É†„Ç≤„Éº„É†,4.29
Au Mobile VTC ‚Äì Game nh·∫£y Audition,3.09
UniPad,4.08
TunesHolic,4.44
BanG Dream! Girls Band Party!,4.57
Piano Game Classic - Challenge Music Song,4.36
Drum set,4.24
Piano Magic Tiles Pop Music 2,4.12
Piano Master 2,4.19
SuperStar JYPNATION,4.24
Piano - Play & Learn Music,3.87
Arcaea - New Dimension Rhythm Game,4.73
Piano Games Mini: Music Instrument & Rhythm,4.3
LIT killah: The Game,4.49
Rock vs Guitar Legends 2017 HD,3.81
Love Live! School idol festival - Èü≥Ê®ÇÁØÄÂ•èÈÅäÊà≤,4.36
Beat Bop: Pop Star Clicker,4.52
Don't Forget the Lyrics,4.07
„Ç¢„Ç§„Éâ„É´„Éû„Çπ„Çø„Éº „Ç∑„É≥„Éá„É¨„É©„Ç¨„Éº„É´„Ç∫ „Çπ„Çø„Éº„É©„Ç§„Éà„Çπ„ÉÜ„Éº„Ç∏,4.32
6ix9ine Runner,4.52
Drum kit (Drums) free,4.07
Marshmello Music Dance,4.51
Tebak Lagu Indonesia,4.07
Lost in Harmony,4.61
SHOW BY ROCK!![ÁàΩÂø´Èü≥„Ç≤„Éº „Ç∑„Éß„Ç¶„Éê„Ç§„É≠„ÉÉ„ÇØÔºΩ,4.3
Beat Racer,4.13
Real Piano Teacher 2,4.3
AyoDance Mobile,3.55
Piano Fire - EDM Music & New Rhythm,4.61
Rock Hero 2,3.96
Popscene (Music Industry Sim),3.69
Beat Jumper: EDM up!,4.31
BeatEVO YG,3.39
PianoTiles 3,3.75
FaceDance Challenge!,4.19
„Ç¢„Ç§„Éâ„É™„ÉÉ„Ç∑„É•„Çª„Éñ„É≥,4.64
Opsu!(Beatmap player for Android),3.61
Mini Piano,3.53
Au 2 - Chu·∫©n Audition Mobile,4.29
SuperStar YG,4.44
YASUHATI / With your voice!,4.17
AVATAR MUSIK INDONESIA - Social Dancing Game,3.68
Happy Piano - Touch Music,4.41
ÎçîÎÆ§ÏßÄÏÖò,4.32
Beat Shooter,4.37
Color Hop 3D - Music Game,4.04
Piano,3.92
Viet Piano Tiles New 2020,4.49
Anime Tiles: Piano Music,3.91
Project: Muse,4.22
Pink Piano,4
Beat Blader 3D: Dash and Slash!,4
Fishdom,4.39
Brain Out ‚Äì Can you pass it?,4.42
Toon Blast,4.63
Toy Blast,4.59
Cut the Rope FULL FREE,4.51
Bubble Witch 3 Saga,4.58
Cut the Rope 2,4.59
Where's My Water? 2,4.21
Empires & Puzzles: Epic Match 3,4.22
Pixel Art: Color by Number,4.49
Matchington Mansion,4.42
Disney Frozen Free Fall - Play Frozen Puzzle Games,4.54
Sudoku.com - Free Sudoku,4.59
ÿ∂ÿ±ÿ®ÿ© ŸÖÿπŸÑŸÖ - ŸÑÿπÿ®ÿ© ÿßŸÑÿ∫ÿßÿ≤ ŸÖÿ≥ŸÑŸäÿ©,4.61
Candy Crush Jelly Saga,4.49
Roll the Ball¬Æ - slide puzzle,4.22
Block Puzzle Jewel,4.27
Flow Free,4.37
Sand Balls - Puzzle Game,4.2
2048 Number puzzle game,4.31
Escape Titanic,4.48
Bad Piggies,4.4
LINEÔºö„Éá„Ç£„Ç∫„Éã„Éº „ÉÑ„É†„ÉÑ„É†,3.88
Manor Cafe,4.56
LINE Pokopang - POKOTA's puzzle swiping game!,4.01
Bubble Shooter: Panda Pop!,4.55
Merge Dragons!,4.47
Cut the Rope: Time Travel,4.6
Cookie Jam‚Ñ¢ Match 3 Games | Connect 3 or More,4.52
Jellipop Match-Decorate your dream islandÔºÅ,4.43
Lily‚Äôs Garden,4.63
Ïï†ÎãàÌå°2,3.94
Indy Cat for VK,4.87
Jigsaw Puzzles - Puzzle Game,4.55
Can You Escape,4.34
Happy Glass,3.91
Tower of Saviors,4.08
Shoot Bubble Deluxe,4.47
Two Dots,4.39
Pirate Treasures - Gems Puzzle,4.49
Bad Piggies HD,4.29
Doodle Alchemy,4.61
Escape game : 50 rooms 1,4.4
‚àû Infinity Loop ¬Æ,4.63
Jigty Jigsaw Puzzles,4.64
Unblock Me FREE,4.53
Bubble Blast 2,4.36
Mouse,4.4
Unblock Ball - Block Puzzle,4.27
Inside Out Thought Bubbles,4.47
MonsterBusters: Match 3 Puzzle,4.7
Love Balls,4.11
LINE Bubble 2,4.17
Mr Bullet - Spy Puzzles,4.2
Sudoku - Free Classic Sudoku Puzzles,4.63
Magic Jigsaw Puzzles - Puzzle Games,4.66
Mazes & More,4.21
Brain Dots,4.13
Matches Puzzle Game,4.46
„Éë„Ç∫„É´ÔºÜ„Éâ„É©„Ç¥„É≥„Ç∫(Puzzle & Dragons),3.88
Sudoku,4.72
Marble Legend,4.29
Hello Stars,4.32
Wood Block Puzzle,4.41
Block! Hexa Puzzle‚Ñ¢,3.93
Cut the Rope: Experiments,4.34
Easy Game - Brain Test and Tricky Mind Puzzles,4.34
Sweet Fruit Candy,4.39
Escape the Mansion,4.52
House Paint,4.18
Dig This!,4.35
Gummy Drop! Match to restore and build cities,4.27
Charm King,4.42
Maleficent Free Fall,4.56
Gemmy Lands: New Match 3 Games 2021 to Crush Gems,4.61
Find The Differences - The Detective,4.05
Brain It On! - Physics Puzzles,4.28
Harry Potter: Puzzles & Spells - Match-3 Magic,4.71
Troll Face Quest: Video Memes - Brain Game,4.21
Disney Emoji Blitz,4.3
Nonogram.com - Picture cross number puzzle,4.51
Cut the Rope: Magic,4.48
Energy: Anti Stress Loops,4.73
1010! Block Puzzle Game,4.41
Sudoku,4.73
That Level Again,4.66
Crazy Kitchen: Match 3 Puzzles,4.78
Wood Block Puzzle - Free Classic Block Puzzle Game,4.52
Train Taxi,4.14
Tebak Gambar,4.22
Build a Bridge!,4.14
PixWords‚Ñ¢,4.67
Skillz - Logic Brain Games,4.31
Slugterra: Slug it Out 2,4.58
LINE PokoPoko - Play with POKOTA! Free puzzler!,3.61
Block Puzzle & Conquer,4.44
Blockudoku¬Æ - Block Puzzle Game,4.39
Rescue Cut - Rope Puzzle,4.14
ÎîîÏ¶àÎãà ÌãÄÎ¶∞Í∑∏Î¶ºÏ∞æÍ∏∞,4.39
How to Loot - Pin Pull & Hero Rescue,4.4
Hill Climb Racing,4.26
"Asphalt 8 Racing Game - Drive, Drift at Real Speed",4.3
Traffic Rider,4.34
Real Racing 3,4.32
Traffic Racer,4.45
Dr. Driving,4.22
Need for Speed‚Ñ¢ No Limits,4.12
CSR Racing 2 ‚Äì Free Car Racing Game,4.56
Hill Climb Racing 2,4.34
Angry Birds Go!,4.27
Extreme Car Driving Simulator,4.3
Bike Race Free - Top Motorcycle Racing Games,4.22
Drag Racing,4.39
CSR Racing,4.52
Beach Buggy Racing,4.42
Fun Race 3D,4.16
Asphalt 9: Legends - Epic Car Action Racing Game,4.46
Fast Racing 3D,4.38
Earn to Die 2,4.35
GT Racing 2: The Real Car Exp,4.37
Asphalt Nitro,4.32
City Racing 3D,4.4
Nitro Nation Drag & Drift Car Racing,4.52
Racing Fever,4.45
Drive Ahead!,4.19
Street Racing 3D,4.3
Drift Max Pro - Car Drifting Game with Racing Cars,4.57
Driving School 2016,4.33
Racing in Car,4.25
Drift Ÿáÿ¨ŸàŸÑÿ©,4.43
Trials Frontier,4.28
Bike Racing 3D,4.13
CarX Drift Racing,4.49
CSR Classics,4.55
BMX Boy,4.32
Racing Moto,4.17
Demolition Derby 2,4.61
Top Speed: Drag & Fast Racing,4.56
Turbo Stars,4.44
Real Bike Racing,4.11
Trial Xtreme 4: Extreme Bike Racing Champions,4.04
CarX Highway Racing,4.61
Dr. Parking 4,4.17
Moto Rider GO: Highway Traffic,4.29
Uphill Rush Water Park Racing,4.17
Dr. Driving 2,4.25
Racing in Car 2,4.05
Asphalt Xtreme: Rally Racing,4.13
Beach Buggy Blitz,4.29
Turbo Driving Racing 3D,4.18
City Racing Lite,4.48
Driving School 2017,4.33
Earn to Die Lite,4.19
MotoGP Racing '20,4.25
Rally Racer Dirt,4.29
Garena Speed Drifters,4.07
School Driving 3D,4.4
Real Drift Car Racing Lite,4.42
Rally Fury - Extreme Racing,4.39
F1 Manager,4.27
Ultimate Car Driving Simulator,4.23
MadOut2 BigCityOnline,4.26
Crazy for Speed,4.29
Mad Skills Motocross 2,4.25
Drive for Speed: Simulator,4.3
Real City Car Driver,3.94
Bike Mayhem Free,4.18
Highway Rider Motorcycle Racer,4.27
Rebel Racing,4.4
Blocky Roads,4.42
Road Riot,4.53
Crash of Cars,4.25
Real Racing 3,4.39
Derby Destruction Simulator,4.52
SUP Multiplayer Racing,4.24
Beach Buggy Racing 2,4.31
Boomerang Make and Race - Scooby-Doo Racing Game,4.27
KartRider Rush+,3.89
Offroad Legends - Monster Truck Trials,4.33
Moto X3M Bike Race Game,4.39
Dubai Drift 2,4.31
Traffic Tour,4.04
Moto Wheelie,4.63
Mountain Climb 4x4 : Offroad Car Drive,4.08
Zombie Squad,4.29
Moto Racer 3D,4.11
Toy Truck Rally 3D,4.35
Crazy for Speed 2,4.44
Truck Driver Cargo,3.9
Top Drives ‚Äì Car Cards Racing,4.43
Smash Cops Heat,4.45
Race the Traffic,4.04
CarX Drift Racing 2,4.53
Racing Limits,4.28
Smash Bandits Racing,4.4
üöìüö¶Car Driving School Simulator üöïüö∏,4.31
Redline Rush: Police Chase Racing,4.41
Monster Truck Destruction‚Ñ¢,4.24
Stickman Downhill Motocross,4.44
MMX Hill Dash,4.42
Shadow Fight 3 - RPG fighting game,4.32
AFK Arena,4.56
Avakin Life - 3D Virtual World,4.3
MARVEL Future Fight,3.97
Angry Birds Epic RPG,4.55
Flight Pilot Simulator 3D Free,4.19
Eternium,4.78
Summoners War,4.27
Star Wars‚Ñ¢: Galaxy of Heroes,4.18
Î™¨Ïä§ÌÑ∞ Í∏∏Îì§Ïù¥Í∏∞,4.03
Darkness Rises,4.46
Hustle Castle: Medieval games in the kingdom,4.15
Tap Titans,4.79
RAID: Shadow Legends,4.26
MovieStarPlanet,3.79
Hero Wars ‚Äì Hero Fantasy Multiplayer Battles,4.42
Magic Rush: Heroes,4.35
ÏÑ∏Î∏êÎÇòÏù¥Ï∏†,3.74
Idle Heroes,4.52
RPG Toram Online - MMORPG,4.51
Shakes and Fidget,4.67
Kritika: The White Knights,4.31
Tap Titans 2: Heroes Attack Titans. Clicker on!,4.63
FINAL FANTASY BRAVE EXVIUS,4.2
Dungeon Hunter 5 ‚Äì Action RPG,3.93
The Wolf,4.44
Brave Frontier,4.38
ONE PIECE TREASURE CRUISE,4.46
School of Dragons,4.16
Super Stylist - Dress Up & Style Fashion Guru,4.26
Battle Camp - Monster Catching,4.12
Mobile Legends: Adventure,4.57
The Walking Dead: Road to Survival,4.07
International Fashion Stylist - Dress Up Studio,4.4
My Candy Love - Episode / Otome game,4.1
"Day R Survival ‚Äì Apocalypse, Lone Survivor and RPG",4.49
Don't get fired!,4.31
Dragon Village,4.35
Inotia 4,4.47
LifeAfter,4.05
MARVEL Strike Force - Squad RPG,3.79
Age of Warring Empire,4.25
Î†àÏù¥Î∏ê : LEGION,4.14
Crusaders Quest,4.5
Galaxy Legend - Cosmic Conquest Sci-Fi Game,4.02
Game of Sultans,3.85
School of Chaos Online MMORPG,4.02
Operate Now: Hospital - Surgery Simulator Game,3.7
Heroes Charge,4.6
Sky: Children of the Light,4.25
"My Bakery Empire - Bake, Decorate & Serve Cakes",4.2
Ninja Turtles: Legends,4.37
Order & Chaos Online 3D MMORPG,4.17
Grim Soul: Dark Fantasy Survival,4.37
Gachaverse (RPG & Anime Dress Up),3.85
Gymnastics Superstar - Spin your way to gold!,4.21
Angry Birds Evolution 2021,4.26
AVABEL ONLINE [Action MMORPG],4.08
Seven Knights,4.21
The Seven Deadly Sins: Grand Cross,4.25
DC Legends: Fight Superheroes,4.18
Love Nikki-Dress UP Queen,4.11
King's Throne: Game of Conquest,4.22
ONE PIECE „Éà„É¨„Ç∏„É£„Éº„ÇØ„É´„Éº„Ç∫,4.25
Monster Super League,4.38
Magic Rampage,4.63
Monster High‚Ñ¢ Beauty Shop: Fangtastic Fashion Game,4.21
Arcane Legends MMO-Action RPG,4.23
BLOCK STORY,4.39
„Ç∞„É©„É≥„Éñ„É´„Éº„Éï„Ç°„É≥„Çø„Ç∏„Éº,4.14
Age of Magic: Turn-Based Magic RPG & Strategy Game,4.42
Vampire's Fall: Origins RPG,4.58
Pocket Troops: Strategy RPG,4.32
Pok√©mon Masters EX,4.13
ZENONIA¬Æ 5,4.32
Heroes of Camelot,4.04
WWE Champions 2021,3.79
Assassin's Creed Rebellion: Adventure RPG,4.26
Guardian Hunter: SuperBrawlRPG [Online],4.35
Questland: Turn Based RPG,4.76
Black Desert Mobile,4.13
Fashion Empire - Dressup Boutique Sim,3.96
Postknight,4.72
MARVEL Puzzle Quest: Join the Super Hero Battle!,4.19
Ragnarok M: Eternal Love,4.35
Guardian Tales,4.67
Ice Skating Ballerina - Dance Challenge Arena,4.17
Shadow Fight Arena ‚Äî PvP Fighting game,4.49
Wolvesville - Werewolf Online,4.44
Guild of Heroes: Magic RPG | Wizard game,4.46
Era of Celestials,4.19
HonorBound RPG,4.51
Hotel Hideaway: Virtual World,4.38
ŸÖŸÑŸÉÿ© ÿßŸÑŸÖŸàÿ∂ÿ© | ŸÑÿπÿ®ÿ© ŸÇÿµÿµ Ÿà ÿ™ŸÖÿ´ŸäŸÑ,4.69
Nonstop Knight - Offline Idle RPG Clicker,4.39
Î¶¨ÎãàÏßÄ2 Î†àÎ≥ºÎ£®ÏÖò,3.81
Cat Runner: Decorate Home,4.18
FINAL FANTASY Record Keeper,4.1
Decisions: Choose Your Interactive Love Story,4.2
Epic Seven,4.26
Dragon City,4.56
The Sims FreePlay,4.01
SimCity BuildIt,4.34
Episode - Choose Your Story,4.26
Plague Inc.,4.48
Fallout Shelter,4.55
Idle Miner Tycoon: Mine & Money Clicker Management,4.6
Dragon Mania Legends,4.44
The Tribez: Build a Village,4.4
Bus Simulator Indonesia,4.45
Jurassic World‚Ñ¢: The Game,4.1
AdVenture Capitalist,4.48
Dragons: Rise of Berk,4.37
Bus Simulator: Original,4.07
Choices: Stories You Play,4.35
The Sims‚Ñ¢ Mobile,4.18
LINE BROWN FARM,4.34
Fishing Clash,4.64
"Cash, Inc. Money Clicker Game & Business Adventure",4.64
Vegas Crime Simulator,4.17
Hooked Inc: Fisher Tycoon,4.53
Scary Teacher 3D,4.29
SAKURA School Simulator,4.54
Euro Truck Evolution (Simulator),4.08
My Story: Choose Your Own Path,3.95
Bus Simulator : Ultimate,4.26
Craftsman: Building Craft,4.21
Design Home: House Renovation,4.21
"Egg, Inc.",4.56
The Sims‚Ñ¢ FreePlay,4.12
"House Flipper: Home Design, Interior Makeover Game",4.63
Block City Wars: Pixel Shooter with Battle Royale,4.06
Paradise Island,4.29
Kill Shot,4.4
Happy Mall Story: Sim Game,4.59
Clean Road,4.21
Cooking Diary¬Æ: Best Tasty Restaurant & Cafe Game,4.57
Farming Simulator 14,4.22
Airport City,3.97
From Zero to Hero: Cityman,4.64
Car Parking Multiplayer,4.4
Klondike Adventures,4.51
Cafeland - World Kitchen,4.39
BitLife - Life Simulator,4.05
Zombie Castaways,4.55
Turbo Dismount‚Ñ¢,4.21
Barbie Dreamhouse Adventures,4.22
Grand Truck Simulator,4.3
Truck Simulator 2018 : Europe,4.13
Animal Crossing: Pocket Camp,4.38
Flight Simulator: Fly Plane 3D,3.98
Let's Fish: Sport Fishing Games. Fishing Simulator,4.51
Romance Club - Stories I Play,4.46
WildCraft: Animal Sim Online 3D,4.46
Heavy Truck Simulator,4.18
Hotel Story: Resort Simulation,4.34
Clouds & Sheep,4.62
Weaphones‚Ñ¢ Gun Sim Free Vol 1,4.31
2 3 4 Player Mini Games,4.37
Make More! ‚Äì Idle Manager,4.43
Coach Bus Simulator,4.05
School Girls Simulator,4.38
Disney Magic Kingdoms: Build Your Own Magical Park,3.95
Linda Brown: Interactive Story,4.05
High School Story,4.52
Drive and Park,4.34
Raft Survival: Ocean Nomad - Simulator,4.35
Bud Farm: Grass Roots,4.68
Hi Cooking,4.51
Fire Emblem Heroes,4.36
Car Simulator 2,4.44
Taxi Game,3.44
Public Transport Simulator,4.2
Stickman Dismounting,4.25
Pok√©mon: Magikarp Jump,4.52
World Truck Driving Simulator,4.36
"Avatar Life - fun, love & games in virtual world!",4.08
Indian Train Simulator,4.04
Home Street ‚Äì Home Design Game,4.23
High School Simulator 2018,4.19
Battle Disc,4.27
Heavy Bus Simulator,4.12
–°–∏–º—É–ª—è—Ç–æ—Ä –∂–∏–∑–Ω–∏ –Æ—Ç—É–±–µ—Ä–∞,4.69
Truck Simulator USA,4.21
Bio Inc - Plague and rebel doctors offline,4.19
Car Mechanic Simulator,4.43
IDBS Bus Simulator,4
ZooCraft: Animal Family Simulator,4.39
Woodturning,3.93
Mystic Messenger,4.7
Goat Simulator,4.32
Stickman Rope Hero,4.05
My Virtual Pet Shop: Take Care of Pets & Animalsüê∂,4.51
FarmVille 2: Tropic Escape,4.27
We Are Illuminati - Conspiracy Simulator Clicker,4.39
Dragons World,4.28
Tap Tap Fish AbyssRium - Healing Aquarium (+VR),4.22
Terrarium: Garden Idle,4.65
Î†àÏïåÌåú,4.33
Prison Empire Tycoon - Idle Game,4.37
Dream League Soccer,4.45
FIFA Soccer,4.2
Score! Hero,4.19
eFootball PES 2021,4.23
Top Eleven 2021: Be a Soccer Manager,4.63
EA SPORTS UFC¬Æ,4.38
Bowling King,4.57
World Cricket Championship 2 - WCC2,4.29
8 Ball Pool,4.46
Carrom Pool: Disc Game,4.2
Dream League Soccer 2021,4.36
Pooking - Billiards City,4.42
NBA LIVE Mobile Basketball,4.16
New Star Soccer,4.62
Soccer Stars,4.24
Golf Clash,4.26
Online Soccer Manager (OSM) - 20/21,4.41
World Soccer League,4.27
Football Strike - Multiplayer Soccer,4.39
Head Ball 2,4.04
Fishing Hook,4.38
zzSUNSET Last Season MM,4.1
Head Soccer,4.24
Pool Billiards Pro,4.34
Ace Fishing: Wild Catch,4.4
Wrestling Revolution 3D,4.14
Basketball Stars,4.36
Run Race 3D,4.07
3D Bowling,4.45
Real Cricket‚Ñ¢ 20,4.22
3D Tennis,4.17
Punch Boxing 3D,4.3
Tennis Clash: 1v1 Free Online Sports Game,4.3
PES CLUB MANAGER,4.09
Shooting World - Gun Fire,4.6
Archery Master 3D,4.17
Head Football LaLiga 2021 - Skills Soccer Games,4.22
Real Football,3.75
Soccer Star 2021 Top Leagues: Play the SOCCER game,4.19
Flip Diving,4.48
Cartola FC,4.13
World Cricket Championship Lt,4.12
Kite Flying - Layang Layang,4.21
Score! Match - PvP Soccer,4.17
Final kick 2020 Best Online football penalty game,4.32
Mini Golf King - Multiplayer Game,4.25
Ultimate Soccer - Football,3.86
Boxing Star,4.42
Real Cricket‚Ñ¢ 17,4.18
Stickman Soccer 2014,4.42
Perfect Kick,4.44
Touchgrind BMX,3.94
Soccer Star 2020 World Football: World Star Cup,4.14
WWE SuperCard - Multiplayer Collector Card Game,4.32
Golf Battle,4.11
Shooting Archery,4.51
Winner Soccer Evo Elite,4.3
Basketball Shoot,4.25
Badminton League,4.02
Real Boxing ‚Äì¬†Fighting Game,4.19
EA SPORTS‚Ñ¢ FIFA 21 Companion,3.83
Stickman Soccer - Classic,4.4
Soccer Cup 2021: Free Football Games,4.16
Golf Star‚Ñ¢,4.1
Fanatical Football,4.13
‚öΩPuppet Soccer 2014 - Big Head Football üèÜ,4.04
Basketball Mania,4.3
Toon Cup 2020 - Cartoon Network's Football Game,4.06
Volleyball Champions 3D - Online Sports Game,4.12
Basketball Battle,4.39
Shooting King,4.33
Homerun Battle 2,4.68
Shooting Ball,4.45
Hit & Knock down,4.31
Golf King - World Tour,4.53
Table Tennis 3D,4.23
Soccer Super Star,4.42
Fishing Paradise 3D Free+,4.21
Top Football Manager 2021,4.31
Sachin Saga Cricket Champions,3.99
Wrestling Revolution,4.11
3D Pool Ball,4.3
Stickman Basketball,4.38
Mike V: Skateboard Party,4.35
Stick Cricket Premier League,4.21
Golf Rival,4.34
Virtual Table Tennis 3D,4.09
Mobile Soccer League,4.18
Badminton Legend,4.5
Fishing Superstars,4.25
Soccer Kicks (Football),4.03
Retro Bowl,4.72
PBA¬Æ Bowling Challenge,4.46
Fanatical Basketball,4.22
Baseball Superstars¬Æ 2013,4.44
Mini Football - Mobile Soccer,4.22
Touchgrind Skate 2,3.87
Archery Tournament,4.07
Flip Master,4.22
Shoot Goal ‚öΩÔ∏è Football Stars Soccer Games 2021,4.12
Clash of Clans,4.49
Clash Royale,4.22
Lords Mobile: Kingdom Wars,4.33
Boom Beach,4.44
Plants vs. Zombies FREE,4.33
Castle Clash: Guild Royale,4.16
Grow Empire: Rome,4.56
World of Tanks Blitz PVP MMO 3D tank game for free,4.25
Monster Legends: Breed & Merge Heroes Battle Arena,4.49
Bid Wars - Storage Auctions and Pawn Shop Tycoon,4.39
Clash of Kings : Newly Presented Knight System,4.09
Vlogger Go Viral - Tuber Simulator Games,4.56
Stick War: Legacy,4.51
State of Survival: Survive the Zombie Apocalypse,4.43
Clash of Lords 2: Guild Castle,4.27
Rise of Kingdoms: Lost Crusade,4.18
Last Shelter: Survival,4.27
Game of War - Fire Age,3.59
Megapolis: city building simulator. Urban strategy,4.39
Empire: Four Kingdoms | Medieval Strategy MMO,4.11
Castle Crush: Epic Battle - Free Strategy Games,4.38
King of Thieves,4.4
Throne Rush,4.45
Game of Warriors,4.55
League of Legends: Wild Rift,4.29
Forge of Empires: Build your City,4.34
Vikings: War of Clans,4.39
Bid Wars 2: Pawn Shop - Storage Auction Simulator,4.33
Mafia City,4.08
aa,4.22
Mobile Strike,3.63
Bloons TD Battles,4.29
King of Avalon: Dominion,4.31
Last Empire - War Z: Strategy,4
Rise of Empires: Ice and Fire,4.7
Alien Creeps TD - Epic tower defense,4.42
Vainglory,3.65
Jungle Heat: War of Clans,4.24
The Walking Dead No Man's Land,4.53
DomiNations,4.04
World at Arms,4.13
Art of War: Legions,4.45
Heroes of Order & Chaos,3.53
METAL SLUG DEFENSE,4.04
Army Men Strike - Military Strategy Simulator,4.14
Toilet Time: Boredom killer Fun Mini Games to Play,4.28
Castle Clash: Dominio del Reino,4.3
Kingdom Rush - Tower Defense Game,4.68
Final Fantasy XV: A New Empire,3.63
Dead Ahead: Zombie Warfare,4.44
Lapse: A Forgotten Future,4.61
Heroes Evolved,3.6
Dawn of Titans: War Strategy RPG,4.14
Toy Defence 2 ‚Äî Tower Defense game,4.41
2020: My Country,4.43
South Park: Phone Destroyer‚Ñ¢ - Battle Card Game,4.41
Castle Clash: King's Castle DE,4.25
Clash of Lords: Guild Castle,4.55
Random Dice: PvP Defense,4.16
Empires and Allies,4.31
Mini Warriors,4.17
Guns of Glory: The Iron Mask,3.86
Invasion: Modern Empire,4.16
Tentacle Wars ‚Ñ¢,4.29
Realm Defense: Epic Tower Defense Strategy Game,4.54
Gods of Olympus,4.54
Survival Arena,4.38
Disney Heroes: Battle Mode,4.22
Reactor ‚ò¢Ô∏è - Idle Manager- Energy Sector Tycoon,4.54
Deep Town: Mining Factory,4.56
Virtual City¬Æ Playground: Building Tycoon,4.41
War and Order,4.17
Castle Clash : Guild Royale,4.34
Clash of Lords 2: –ë–∏—Ç–≤–∞ –õ–µ–≥–µ–Ω–¥,4.62
Empire Z: Endless War,3.87
Warlings: Armageddon,4.25
Warlings,4.4
Total Conquest,3.83
Chess Live,4.15
Age of Z Origins,4.3
ÿßŸÜÿ™ŸÇÿßŸÖ ÿßŸÑÿ≥ŸÑÿßÿ∑ŸäŸÜ,3.95
Onmyoji Arena,4.28
Narcos: Cartel Wars. Build an Empire with Strategy,4.47
March of Empires: War of Lords,3.86
Chess Rush,3.85
War and Magic: Kingdom Reborn,4.09
Supermarket Mania Journey,4.35
War Heroes: Strategy Card Game for Free,4.27
TRANSFORMERS: Earth Wars,4.38
Art of War 3: PvP RTS modern warfare strategy game,4.49
Defender II,4.14
Stormfall: Rise of Balur,4.15
Evony: The King's Return,4.3
Grepolis - Divine Strategy MMO,4.27
Venom Angry Crashy Rush Online,4.21
Train Station 2: Railroad Tycoon & City Simulator,4.46
Castle Clash: Batalha de Guildas,4.35
ÂüéÂ†°Áà≠Èú∏ - ËÅØÁõüÈú∏Ê•≠,4.56
Iron Desert - Fire Storm,4.34
Castle Clash: Regu Royale,4.34
Trivia Crack,4.27
Brain Test: Tricky Puzzles,4.59
"94% - Quiz, Trivia & Logic",4.49
Logo Quiz,4.34
Who is? Brain Teaser & Tricky Riddles,4.53
Brain Test 2: Tricky Stories,4.56
Tricky Test 2‚Ñ¢: Genius Brain?,4.7
Free Trivia Game. Questions & Answers. QuizzLand.,4.74
Quiz: Logo game,4.24
Guess The Song - Music Quiz,4.21
TVSMILES - Quiz and Prizes,4.47
ŸÅÿ∑ÿ≠ŸÑ ÿßŸÑÿπÿ±ÿ® - ŸÑÿπÿ®ÿ© ŸÖÿπŸÑŸàŸÖÿßÿ™ ÿπÿßŸÖÿ©,4.64
Gartic,4.2
Trivia Crack 2,4.37
94 Degrees: fun trivia quiz,4.17
Quizdom - Trivia more than logo quiz!,4.32
Picture Quiz: Logos,4.49
Think,4.4
Fight List - Categories Game,3.84
Î™®ÎëêÏùò ÌÄ¥Ï¶à - ÏÇ¨ÏßÑÏó∞ÏÉÅ Îã®Ïñ¥,4.45
I Know Stuff : trivia quiz,4.38
Who Wants to Be a Millionaire? Trivia & Quiz Game,4.32
World Geography - Quiz Game,4.57
Guess The Brand - Logo Mania,4.29
‡∏õ‡∏£‡∏¥‡∏®‡∏ô‡∏≤‡∏ü‡πâ‡∏≤‡πÅ‡∏•‡∏ö,4.37
Logo Game: Guess Brand Quiz,4
Color Mania Quiz - Guess the logo game,4.64
Can you escape the 100 room IV,4.51
ÿ≠ŸÑŸáÿß Ÿàÿßÿ≠ÿ™ŸÑŸáÿß - ŸÑÿπÿ®ÿ© ŸÉŸÑŸÖÿ© ÿßŸÑÿ≥ÿ±,4.77
A4 Wheel of fortune,4.42
TTS Lontong,4.29
–ò–Ω—Ç–µ–ª–ª–µ–∫—Ç-–±–∞—Ç—Ç–ª,4.37
Scratch Logo Quiz. Challenging brain puzzle,3.6
Jeopardy!¬Æ Trivia Quiz Game Show,4.34
Spin of Fortune - Quiz,4.25
"100 PICS Quiz - Guess Trivia, Logo & Picture Games",4.28
Millionaire 2021 - Free Trivia Quiz Offline Game,4.35
General Knowledge Quiz,4.34
Food Quiz,4.16
Trivia Survival 100,4.31
Adivina la Canci√≥n,3.96
Where Logic?,4.28
Nope Quiz,4.38
Genius Quiz - Smart Brain Trivia Game,4.37
Who Becomes Rich,3.94
Richman 4 fun,3.61
–í—Ä–∞—â–∞–π—Ç–µ –±–∞—Ä–∞–±–∞–Ω,4.53
TRIVIA STAR - Free Trivia Games Offline App,4.78
Trick Me: Logical Brain Teasers Puzzle,4.32
TRIVIA 360: Single-player & Multiplayer quiz game,4.37
Free RBX Master,4.2
sameQuizy,4.31
"Live Quiz Games App, Trivia & Gaming App for Money",3.42
Quiz Of Kings,4.47
MEGA QUIZ GAMING 2021 - Guess the game Trivia,3.95
Guess The Movie ¬Æ,3.37
Would You Rather? The Game,3.64
Guess the Logo: Multiple Choice Quiz,3.91
Pluck It: hairs and emotions,4.69
A Journey Towards Jesus,4.74
–£–ì–ê–î–ê–ô –ë–õ–û–ì–ï–†–ê,4.76
96%: Family Quiz,4.22
"–≠–≤—Ä–∏–∫–∞! –õ–æ–≥–∏—á–µ—Å–∫–∏–µ –ó–∞–¥–∞—á–∏, –ò–≥—Ä—ã –∏ –ì–æ–ª–æ–≤–æ–ª–æ–º–∫–∏",4.48
"Stupid test: moron test, idiotest. IQ bored games",4.02
Trivia Crack (No Ads),4.58
Quiz World: Play and Win Everyday!,4.35
Ïä§ÏºÄÏπòÌÄ¥Ï¶à,3.13
I Know the Cartoon,4.11
NEW QuizDuel!,3.21
Trivia Challenge,4.62
Atriviate (Online Trivia),3.59
Quiz - Offline Games,4.24
Trivia Crack Adventure,4.32
"Gartic.io - Draw, Guess, WIN",3.91
Truth or Dare,4.42
BFF Friendship Test,4.13
Superbuzzer Trivia Quiz Game,3.84
The Higher Lower Game,3.72
Eu Sei a M√∫sica,4.12
Palabra Correcta,4.54
ŸÅŸÉÿ± ŸÄ Think,4.77
Se como Jose,4.33
TopQuiz -Play Quiz & Lottery | Win Money via Paytm,3.2
101 Pics: Photo Quiz,4.44
Personal Name Test,3.48
Flags and Capitals of the World Quiz,4.32
"Logo Test: World Brands Quiz, Guess Trivia Game",4.43
¬øCu√°nto sabes de Primaria?,3.57
Cars Logo Quiz HD,4.14
◊ú◊ï◊í◊ï◊ò◊°◊ò ◊ò◊®◊ô◊ï◊ï◊ô◊î: ◊û◊©◊ó◊ß ◊î◊°◊û◊ú◊ô◊ù ◊ï◊î◊û◊ï◊™◊í◊ô◊ù ◊î◊í◊ì◊ï◊ú ◊ë◊ô◊©◊®◊ê◊ú,4.66
90's Quiz Game,4.74
Flags of All Countries of the World: Guess-Quiz,4.21
Vrai ou Faux ? Le grand Quiz,4.23
Alphabet Game,4.15
Hardest Girl to Get - Kode Keras Cowok dari Cewek,4.19
Slam,4.28
ÏïÑÏû¨ Îä•Î†• Í≥†ÏÇ¨ : ÏïÑÏû¨Í∞úÍ∑∏ÏôÄ ÎÑåÏÑºÏä§ÌÄ¥Ï¶à,4.49
Cuanto Sabes de la Biblia,4.77
Quiz Planet,4
AppTrailers,4.04
ŸÉŸÑŸÖÿßÿ™ ŸÉÿ±ÿßÿ¥ - ŸÑÿπÿ®ÿ© ÿ™ÿ≥ŸÑŸäÿ© Ÿàÿ™ÿ≠ÿØŸä ŸÖŸÜ ÿ≤Ÿäÿ™ŸàŸÜÿ©,4.71
Word Cookies!¬Æ,4.57
Words of Wonders: Crossword to Connect Vocabulary,4.54
Words with Friends Classic: Word Puzzle Challenge,4.19
4 Fotos 1 Palabra,4.47
4 Pics 1 Word,4.49
Draw Something Classic,4.19
CodyCross: Crossword Puzzles,4.44
WordBrain - Free classic word puzzle game,4.45
Word Connect,4.64
Wordscapes,4.61
ŸÑÿπÿ®ÿ© ŸÉŸÑŸÖÿ© ÿßŸÑÿ≥ÿ± : ÿßŸÑÿ¨ÿ≤ÿ° ÿßŸÑÿ´ÿßŸÜŸä,4.68
ŸÉŸÑŸÖÿßÿ™ ŸÖÿ™ŸÇÿßÿ∑ÿπÿ©,4.64
ŸàÿµŸÑÿ© - ŸÑÿπÿ®ÿ© ŸÉŸÑŸÖÿßÿ™ ŸÖÿ™ŸÇÿßÿ∑ÿπÿ©,4.63
Words with Friends: Play Fun Word Puzzle Games,4.16
Word Snack - Your Picnic with Words,4.64
Word search,4.46
Wordfeud Free,4.42
Word Search,4.46
Braindom 2: Who is Lying? Fun Brain Teaser Riddles,4.57
Word Search,4.69
Word Search,4.69
Word Search,4.69
Word Link,4.39
Words Story - Addictive Word Game,3.71
Word Streak-Words With Friends,4.36
TTS Pintar 2021 - Teka Teki Silang Offline,4.53
Word Search,4.28
Word Search,4.28
Word Search,4.28
4 Bilder 1 Wort,4.25
Word Academy,4.49
Word Connect - Word Games Puzzle,4.59
Pictoword: Fun Word Games & Offline Brain Game,4.18
Word Collect - Free Word Games,4.82
"Braindom: Tricky Brain Teasers, Test, Riddle Games",4.65
Word Search,4.46
Word Search,4.46
Word Search,4.46
Wheel of Fortune: Free Play,4.48
Word Crack,3.74
4 Images 1 Mot,4.34
4 —Ñ–æ—Ç–∫–∏ 1 —Å–ª–æ–≤–æ,4.44
Wordie: Guess the Word,4.55
Ruzzle Free,4.27
Kelimelik,4.45
Scrabble¬Æ GO - New Word Game,3.9
ŸÑÿπÿ®ÿ© ŸÉŸÑŸÖÿ© ÿßŸÑÿ≥ÿ±,4.7
–ù–∞–π–¥–∏ —Å–ª–æ–≤–∞,4.64
Pro des Mots,4.57
Word Search Free Game,4.79
Garden of Words - Word game,4.19
Word Crossy - A crossword game,4.21
4 Immagini 1 Parola,4.4
Words Crush: Hidden Words!,4.52
Word Search Sea: Unscramble words,4.7
Fill-The-Words - word search puzzle,4.62
4 Pics 1 Word Puzzle Plus,4.29
Palabras Cruz,4.6
Words With Friends 2 - Board Games & Word Puzzles,3.91
Word Stacks,4.66
Word Yard - Fun with Words,4.64
Word Cross,4.57
Word Trip,4.62
ÿ¢ŸÖ€åÿ±ÿ≤ÿß,4.74
Heads Up!,3.57
Word Search Quest - Free Word Puzzle Game,4.62
–°–ª–æ–≤–∞ –∏–∑ –°–ª–æ–≤–∞,4.68
What Am I? ‚Äì Family Charades (Guess The Word),4.08
Wort Guru,4.52
Stop - Categories Word Game,3.49
Wordington: Words & Design,4.27
Crossword Jam,4.65
Kelime Gezmece,4.57
Jalebi - A Desi Adda With Ludo Snakes & Ladders,4.27
Immortal Taoists-Idle Game of Immortal Cultivation,4.45
Classic Words Solo,4.46
WordWhizzle Search,4.6
Word Find - Word Connect Free Offline Word Games,4.64
Draw and Guess Online,4.31
2 Pictures 1 Word,4.56
Word Crack Mix 2,4.04
Word Search,4.24
Word Domination,4.19
Sz√≥ Piknik - Word Snack,4.58
ÿßÿ¥ÿ®ŸÉŸáÿß - ŸÑÿπÿ®ÿ© ÿ™ÿ≥ŸÑŸäÿ© Ÿàÿ™ŸÅŸÉŸäÿ±,4.65
ŸÉŸÑŸÖÿßÿ™ ŸÖÿ™ŸÇÿßÿ∑ÿπÿ© ŸÖŸÜ ÿ≤Ÿäÿ™ŸàŸÜÿ© - ÿ±ÿ¥ŸÅÿ© ŸàÿµŸÑÿ©,4.62
Evil Apples: You Against Humanity!,4.09
Word Chums,4.66
Word Crush,4.6
Word Trek - Word Brain streak - hand made puzzles,4.46
Word Surf - Word Game,4.7
Words Crush: Hidden Themes!,4.53
Teka Teki Silang,4.36
7 Little Words: A fun twist on crossword puzzles,4.65
Charades!,4.32
Escape Room: Mystery Word,4.18
Wordalot - Picture Crossword,4.56
Jogo da Forca,4.24
Word Swipe,4.68
Zgadnij co to?,4.63
Piknik S≈Çowo - Word Snack,4.67
Wordox ‚Äì Free multiplayer word game,4.21
4 Fotos 1 Palavra,4.52
ÿ≤ŸàÿßŸäÿß - ŸÑÿπÿ®ÿ© ÿ≥ÿ™ÿ≠ÿ±ŸÉ ÿ≤ŸàÿßŸäÿß ÿπŸÇŸÑŸÉ,4.76
Word Life - Connect crosswords puzzle,4.38
